address,missed_blocks,block_completion_rate,Stake Size,uptime_percentage,signed_compliance,dummy_slashed
cosmosvalcons1qqqqrezrl53hujmpdch6d805ac75n220ku09rl,0.0,100.0,281810293214.0,100.0,95.0,0
cosmosvalcons1qq92t2l4jz5pt67tmts8ptl4p0jhr6utx5xa8y,0.32,99.68,176092289291.0,99.68,94.68,0
cosmosvalcons1qq0lw964szlkhgxulsak9k3g7c3j8jwvvd0600,0.0,100.0,11294998.0,100.0,95.0,0
cosmosvalcons1qzp59h4v5sgxf5d72v6gspj475m6nrluy4grs9,0.0,100.0,,100.0,95.0,0
cosmosvalcons1qzgr0sk82ce080u78xs3cr5pat9jvtv7k85ajv,0.0,100.0,117537626238.0,100.0,95.0,0
cosmosvalcons1qrxwan7srvknxwsm264l0nlc56uw6fd3mq0s7v,0.02,99.98,2286480804197.0,99.98,94.98,1
cosmosvalcons1qxdeeg55f57vxmruwv5rau743etv3fw530uf8x,0.04,99.96000000000001,4333366464355.0,99.96000000000001,94.96000000000001,1
cosmosvalcons1qfrrfn5hhr7r7mrfvju4qs54epaaxd8cz5x46j,0.0,100.0,3476419404.0,100.0,95.0,0
cosmosvalcons1q23y3jrv0rkk4qjd2y9gk74yc8ffp5kutd0kwy,0.0,100.0,16.0,100.0,95.0,0
cosmosvalcons1q2msmge7mw3jpj8v8vek5vkjnk5m5fg4janhzv,65.21000000000001,34.79,,34.79,29.79,0
cosmosvalcons1qvntfgwexyztmdfdgr768prmas8xgser8g94cd,0.0,100.0,52108328.0,100.0,95.0,0
cosmosvalcons1qj6zmfv6gdrajwznv5vwyguzpr92te9nc93dvx,0.06999999999999999,99.92999999999999,302497330.0,99.92999999999999,94.92999999999999,0
cosmosvalcons1qkzeaxrz5e5qm04t2ypk9sgtzesmjap63hewkf,0.2,99.8,9112539075.0,99.8,94.8,1
cosmosvalcons1qcyakfwwhsxckjg593wykuu933s35ssp5p4p5d,0.02,99.98,2814703.0,99.98,94.98,1
cosmosvalcons1qex0qkzhk4t0a436cv5zrlusgvfdpukghc302f,0.03,99.97,1015440.0,99.97,94.97,0
cosmosvalcons1qmeevnj047ym0kqc2fdsal2680ffhncpp8avs5,0.0,100.0,3282929999.0,100.0,95.0,0
cosmosvalcons1qa75pzrewfn5vuxug9ff72cvhcnuyk4n50mxtn,4.859999999999999,95.14,,95.14,90.14,0
cosmosvalcons1q78p8uewhvqclp077y5sr93un83v5q9jpne2pd,0.02,99.98,9977226.0,99.98,94.98,1
cosmosvalcons1pqr96s9e6jk4zf4v7zavsqesjjp4wg8axrqrzs,0.18,99.82,511886105520.0,99.82,94.82,0
cosmosvalcons1pzwwmhmkjfqf6nh2muvzwwtt8g2jnkrpgupyd2,0.0,100.0,119177805203.0,100.0,95.0,0
cosmosvalcons1prcacwwfjesnpwtq36uvyd86y96rv8azq63ken,0.0,100.0,170002866698.0,100.0,95.0,1
cosmosvalcons1py6l8h6s693ccd0384h4wstg76hz9y8md9g247,0.06999999999999999,99.92999999999999,48104000.0,99.92999999999999,94.92999999999999,0
cosmosvalcons1pyuu6hhg3ahyzqgh2zty2zajt5kl4t8gchwand,0.02,99.98,238290701896.0,99.98,94.98,0
cosmosvalcons1px0zkz2cxvc6lh34uhafveea9jnaagckmrlsye,0.16999999999999998,99.83,10572924320717.0,99.83,94.83,0
cosmosvalcons1p2a6xmz5m5x2dfus4muk5qw58yhrvdzltw4q4u,0.0,100.0,1031488318958.0,100.0,95.0,1
cosmosvalcons1p273248gf387pexjqxnwrtpjjdku4qd6yvtgm3,0.02,99.98,414825617.0,99.98,94.98,1
cosmosvalcons1pdpwglc4fcjdzqvyhvfwxg684trpc6uqck5sxk,0.02,99.98,2678247484232.0,99.98,94.98,0
cosmosvalcons1pjd3x7fu47j2mxkz87rztklrgca4mvkuhyaw2a,0.02,99.98,,99.98,94.98,1
cosmosvalcons1p5scdpmdymvg9aa72r0dj27nedfc8q2r3zermn,0.02,99.98,227307.0,99.98,94.98,1
cosmosvalcons1p426sx80udjfxhw7pyv5tnk03ym8h7vt9qlhgu,0.02,99.98,1014414121.0,99.98,94.98,1
cosmosvalcons1pcz3kz9up2645an95vvnrymt0ph4w30hnj8kkt,0.02,99.98,1105861.0,99.98,94.98,1
cosmosvalcons1p6v2th6f3aweu4g3mu9nru5effmmelfcg0ecsx,0.0,100.0,,100.0,95.0,0
cosmosvalcons1p7gcgvfkwnjqu4lzteea74ngatm00vvqha7dy4,0.06,99.94,24516598715.0,99.94,94.94,1
cosmosvalcons1p7tat3q6cw5ptslt3hcd58nvm4w3ztaxeez3pz,0.02,99.98,,99.98,94.98,1
cosmosvalcons1p7s0vhx5kr48mcvs92jldugmg5dmfh7ry3r935,0.02,99.98,1009908.0,99.98,94.98,1
cosmosvalcons1zpszp9f4dgchcz5rpjmyg7rhc4pldq2d4r0u6d,0.0,100.0,,100.0,95.0,0
cosmosvalcons1zz8y0lqms4r0nrm755hj237vg3yhmvdl3ss6aw,0.01,99.99,479107939462.0,99.99,94.99,0
cosmosvalcons1ztp25r0xd73ln4ny6q746mmdsgttdk5p8yupga,0.01,99.99,310965760437.0,99.99,94.99,0
cosmosvalcons1z0hr7p0jp34d3lf8e0hn8htp6hueanm0r04wd0,0.15,99.85000000000001,656091513565.0,99.85000000000001,94.85000000000001,0
cosmosvalcons1zh6gz89dxfnqtz4pstf7ljxemg4y54l832cclm,0.02,99.98,5474793318649.0,99.98,94.98,0
cosmosvalcons1zckma638v6hj0cfk8dvr5tuptpm5m7n04w8vl3,0.05,99.95,2135306.0,99.95,94.95,0
cosmosvalcons1zcu7xjr06a09g3ll6f3r92q0rt88dnv29cly94,0.0,100.0,214534516335.0,100.0,95.0,0
cosmosvalcons1z6a9tflc80ywzetfplkk6yy40vd9raujd08f0t,0.02,99.98,14163149.0,99.98,94.98,1
cosmosvalcons1zu87l4kh7jnf4tns5fzptlzw9jfgmch9q25f5v,0.32,99.68,1648319460979.0,99.68,94.68,0
cosmosvalcons1rrrc6y6unkqawnmzxnday6xy0u8cn6zyl5yhtr,0.02,99.98,36038419.0,99.98,94.98,1
cosmosvalcons1r9w22dkhgx23aflxheyv3ct5x2ux28q9tmvvgd,0.0,100.0,,100.0,95.0,0
cosmosvalcons1rxmc3l8jzvqz5q3tll5crev2azncq8egfntczu,0.01,99.99,6.0,99.99,94.99,1
cosmosvalcons1rfr0zuf8e77twwxhq5cmpknsmkmlplz6rap75l,0.27999999999999997,99.72,10000.0,99.72,94.72,0
cosmosvalcons1rtst6se0nfgjy362v33jt5d05crgdyhfvvvvay,0.33999999999999997,99.66000000000001,845058670203.0,99.66000000000001,94.66000000000001,0
cosmosvalcons1rt4g447zhv6jcqwdl447y88guwm0eevnrelgzc,0.22,99.78,185411971765.0,99.78,94.78,0
cosmosvalcons1rdw0cnp74ztrwcwutgetr6xyy02e6jyw7je75h,0.0,100.0,,100.0,95.0,0
cosmosvalcons1rwefvuqddl8jxx92mgksnrjdgprekmr79r2t07,0.5599999999999999,99.44,18521883826.0,99.44,94.44,0
cosmosvalcons1rnknqueazcju3x4knpnhvpksudanva4f08558z,0.0,100.0,9217613782411.0,100.0,95.0,0
cosmosvalcons1r5yvrtymrfwhrd95h9dsv4xnav7tez06vpy92p,0.02,99.98,999900.0,99.98,94.98,1
cosmosvalcons1r557640leqeq7c9wdvxapyw79acnlj2a903456,0.16999999999999998,99.83,141679940.0,99.83,94.83,0
cosmosvalcons1rcswqaqrp75nsdk2htkktqwkc34w7er32r52xy,0.02,99.98,162058968.0,99.98,94.98,1
cosmosvalcons1r6wwjn7shfw0awgply9uvkxkfkzmzdxjyma30v,0.0,100.0,8653394.0,100.0,95.0,0
cosmosvalcons1rm28rje5uwp3z9zsnrvqxc2rg4v09uw8trcndm,0.52,99.48,7361795.0,99.48,94.48,0
cosmosvalcons1yy3rgawwsmeu0n27npd23r7zfg5uj7qnk6xvj2,1.08,98.92,189743637554.0,98.92,93.92,0
cosmosvalcons1yyh9n626435fj0tyayk3s352cn8hj5d4pfa0mz,0.02,99.98,,99.98,94.98,0
cosmosvalcons1yxv746y5egu3l2p0q8pvv99lavgr6ptvdhx306,0.03,99.97,8789674413559.0,99.97,94.97,0
cosmosvalcons1ygzptuwvgqs6lv2ne68n4r4hphy37k9dzegwjj,4.42,95.58,44504952173.0,95.58,90.58,1
cosmosvalcons1yspgq5t6sfmp33lv5d3gun5pstmdcenaqgded2,0.02,99.98,1999800.0,99.98,94.98,1
cosmosvalcons1ysx7ja5fgvlef752n9s79gzqtg9kpqxrhcxfz4,0.02,99.98,999900.0,99.98,94.98,1
cosmosvalcons1y35q3lcg7wpwkq8pyh6s3zm0uv4e0zzhvncv7h,0.0,100.0,260000.0,100.0,95.0,0
cosmosvalcons1yjf46k064988jdjje068zmrqg8xh4fqqe2wwnl,0.04,99.96000000000001,199715835322.0,99.96000000000001,94.96000000000001,0
cosmosvalcons1y5wl29sfgnlqmgkz6c9xh0tnwtat2ulyssrmpg,0.03,99.97,1010000.0,99.97,94.97,0
cosmosvalcons1y4z96r4n205s2z43rmrpjl2aeds3npkm9akset,0.06999999999999999,99.92999999999999,7351552204971.0,99.92999999999999,94.92999999999999,1
cosmosvalcons1yk5ag5kntufq2zk7u6e3jd9mshpgzltk7knpja,0.01,99.99,415385668639.0,99.99,94.99,0
cosmosvalcons1yk4qkqhmw97mufwnldqhdy5fcc2lev96u57qyr,0.02,99.98,1999800.0,99.98,94.98,1
cosmosvalcons1yaz7eg96e78hkxlck76rgc5mfuvv0wjz3spkuv,0.0,100.0,475008.0,100.0,95.0,1
cosmosvalcons19qj454eqner3yn5p5w808vxwr9ylwjhwjpyq30,0.06,99.94,2964348390.0,99.94,94.94,0
cosmosvalcons19yr8ml3n22jqfqwm05g7u393pgg0cs5smqryuy,26.5,73.5,223736085.0,73.5,68.5,0
cosmosvalcons19f07eunv876rgf4vdv7mtzj6h3vqpu4qtedw05,0.01,99.99,194149715868.0,99.99,94.99,1
cosmosvalcons192gnt6ypvzhs2ty6hwelvvqa0kv7ywzgvqaj5z,0.0,100.0,25281990452.0,100.0,95.0,1
cosmosvalcons19vv4j3ph7xfqkkhkgc06hqdwextepl43uhje7j,0.0,100.0,10088.0,100.0,95.0,0
cosmosvalcons19wd9t5alj0tnwhwjq7m4chk562u3my2xwt72qg,0.01,99.99,194004101420.0,99.99,94.99,0
cosmosvalcons190run3dv8u23yudgf429e3t0ax0n5murgvucs3,0.0,100.0,30541000.0,100.0,95.0,0
cosmosvalcons19s49axu7lyp3vnazh5l3gpt3mhcz5qxvucqyks,0.01,99.99,652896012195.0,99.99,94.99,0
cosmosvalcons193fg6g69a4hf20qupqv79saqr2luhf2hladw0j,0.01,99.99,228342148.0,99.99,94.99,0
cosmosvalcons19jyz646kt6r2nmkrgva32qjl37trrpznzt2nr8,1.51,98.49,20349436.0,98.49,93.49,0
cosmosvalcons19jy2f0h5d6ve9nnxy3tvj34xfw2lpv2s7zkvm4,0.02,99.98,1009901.0,99.98,94.98,1
cosmosvalcons19jwvcvtlk2pa2jk8fzpc5e8jjyrq88j3h8y9v2,0.01,99.99,121218667795.0,99.99,94.99,1
cosmosvalcons19nt2x53lt4s4w0h3udj5kss66ggul6xuu4sxxk,3.49,96.50999999999999,588895280.0,96.50999999999999,91.50999999999999,1
cosmosvalcons19h9jfllccy8hdq4ee679jrltjtkpk7ymh0f7zt,0.02,99.98,501.0,99.98,94.98,1
cosmosvalcons19hu8r09xwvl78tfn76dqd792cnrttwcq8fpjr3,0.5499999999999999,99.45,245508214633.0,99.45,94.45,0
cosmosvalcons19mlnqumq4njrf0d2u244p7c4tffy4te3anl4kx,0.02,99.98,,99.98,94.98,1
cosmosvalcons19ae9w8e7vd3658ew8vg8c77gkjc3f8j733xmnf,0.02,99.98,,99.98,94.98,1
cosmosvalcons1xxfqlx7r5wdkdpmvcltdtevfuype80cwmrrtae,0.2,99.8,4475625012982.0,99.8,94.8,0
cosmosvalcons1xd3737tmqtkvqq5fuush8kp82scy0tx6882l4q,0.22,99.78,318518693421.0,99.78,94.78,1
cosmosvalcons1xde5ku0a70qnen8s3fctnypg4gj206p8um2u7s,0.0,100.0,116954077505.0,100.0,95.0,0
cosmosvalcons1xwe7qdcykmk6pw8thk8edcss6d35gace0l858s,0.0,100.0,21501266.0,100.0,95.0,0
cosmosvalcons1x0yektnehzr6mg3z3eflkm4qqz4esveh8v9meq,0.03,99.97,5294320968.0,99.97,94.97,0
cosmosvalcons1xsehlmhrdvpue82unavmxzxquvtakcrupua5p8,0.02,99.98,231555459.0,99.98,94.98,1
cosmosvalcons1xehrmycytwkgddh05sqvgjgy7ecg4972pv35st,0.0,100.0,,100.0,95.0,0
cosmosvalcons1x6hw4rnkj4ag97jkdz4srlxzkr7w6pnymshf3v,0.03,99.97,110719991272.0,99.97,94.97,1
cosmosvalcons1xlpffku93h3me6dc9r657rkygc8ql3dtxasg27,0.1,99.9,165147229278.0,99.9,94.9,1
cosmosvalcons1xly2n8wp2gudg57ql0h8c2ktah7j0s0yjr7nsn,0.18,99.82,418851787083.0,99.82,94.82,0
cosmosvalcons18z5h84jguzthd2u6kzqmswc9vfcag75dv9hzt6,0.02,99.98,560.0,99.98,94.98,1
cosmosvalcons18zawa74y4xv6xg3zv0cstmfl9y38ecur8wztz7,0.02,99.98,999900.0,99.98,94.98,1
cosmosvalcons18z7asrytca436tlxr6lldxvdhpdpa9l7rc8fwx,0.0,100.0,1201714.0,100.0,95.0,0
cosmosvalcons18y9ttwxyuvdx9xshnjxj3zkukcudagj974gf2p,0.3,99.7,53518151.0,99.7,94.7,1
cosmosvalcons18xt8rsh7fvn3fmrwsl2wu32w790n8232mlz4p6,1.06,98.94,2074921323.0,98.94,93.94,1
cosmosvalcons1884dj5gzzv5k8vjhudn0exzjre6dl35s3c7prd,0.02,99.98,948681386813.0,99.98,94.98,1
cosmosvalcons18g9wwl8k9nv5yr9q5hqparw4w3qkwmju3mz6wt,0.22999999999999998,99.77000000000001,160565300557.0,99.77000000000001,94.77000000000001,1
cosmosvalcons18fntfdwyx2dpf4z3j4w5qwahv0dvmp72x69edj,0.06,99.94,141569785254.0,99.94,94.94,0
cosmosvalcons18dyu497yj6grx936sus49pcy38k7huyq3cflu7,0.0,100.0,870177747616.0,100.0,95.0,1
cosmosvalcons18wz9exh3660flwmzpd56kgnt9zavj7v9uum0aw,0.16999999999999998,99.83,5859579404004.0,99.83,94.83,0
cosmosvalcons18sg9jk5jf4zhzaw0kld2mtvp2eufk6n7z2hm6f,0.02,99.98,1009913.0,99.98,94.98,1
cosmosvalcons184xnl2jk8055m6cguaruage082m07tkjaqut6h,0.08,99.92,121061426.0,99.92,94.92,1
cosmosvalcons18k8tautktewg7v36vmjweqjcjvwurhey9sl7fa,4.3,95.7,2456329.0,95.7,90.7,0
cosmosvalcons18hzd6cggzasx449gl8tk9grg4q0gws0z52nvvy,0.0,100.0,3748434037215.0,100.0,95.0,0
cosmosvalcons18eg64zpqxmt6wru5705xg94hvqdh3hvv94e3cm,9.520000000000001,90.48,4077051953.0,90.48,85.48,1
cosmosvalcons18ewwe89v7dsg07xs8pwdudaw5aj7vpeyfynqs5,0.02,99.98,1009801.0,99.98,94.98,1
cosmosvalcons186naft4qsfyp8da5fz662ncpmv37lpjszpz0d0,17.01,82.99,1800000.0,82.99,77.99,0
cosmosvalcons1gpl3gngunh4yae4ge0pdfspz5et4q6ury3yyvp,0.0,100.0,371060054635.0,100.0,95.0,1
cosmosvalcons1gyk422n398zfdt2v8k420nhhpzw88v2q9ews9j,1.4000000000000001,98.6,48838028.0,98.6,93.6,1
cosmosvalcons1g2yl08tdkvcfdwkuxe5crdnrhg7t87zma4y669,0.04,99.96000000000001,140476241869.0,99.96000000000001,94.96000000000001,0
cosmosvalcons1gtt8qhn3vcttff2y90d2q59hcm5lmhjrr5menw,0.0,100.0,182490341069.0,100.0,95.0,1
cosmosvalcons1gvz5lwpu389ajz0s5ssqm59508mk2lscav4emm,0.0,100.0,4000000.0,100.0,95.0,0
cosmosvalcons1g0y9af53vvmh65sv3gmplc7322qc49c23hpjph,0.02,99.98,999900.0,99.98,94.98,1
cosmosvalcons1gnc9st7tywcygp6yx6gxlqsxeaj4ztpk7255q3,0.0,100.0,4321391169.0,100.0,95.0,1
cosmosvalcons1gk3kk2ccwstmexjg3gv7wx6gh4qhjnmceac446,0.02,99.98,2999778.0,99.98,94.98,1
cosmosvalcons1ge6evc3c9l9503a8hup9tqayzks9zslgjxma8e,0.03,99.97,363063285298.0,99.97,94.97,1
cosmosvalcons1g63l3wpe8w4p20zqu4ezat5zagx53vedf849wa,0.21,99.79,918138575239.0,99.79,94.79,1
cosmosvalcons1gaftyyhktnmw6wvtdm75cep6yjamkj29aev4pn,0.02,99.98,999900.0,99.98,94.98,1
cosmosvalcons1gaekwgvvn7fv8tvekhtnfg6xealg5v58tm39uc,0.0,100.0,256756092625.0,100.0,95.0,1
cosmosvalcons1fpz0t2dfcnah6hck3swegv9z32zenlulwsu9nv,0.25,99.75,3188515.0,99.75,94.75,0
cosmosvalcons1fr74vrfukz649yjvhs8ec2ax3zpl5yf4z0g669,0.0,100.0,230065265143.0,100.0,95.0,0
cosmosvalcons1fyr09ffnfkgx5nrrl85av9f8486e8380f3mvng,0.0,100.0,302880212.0,100.0,95.0,0
cosmosvalcons1fy0fqksv7lzuyls6up8x84g5tk6nvl9gf8rts7,10.08,89.92,,89.92,84.92,0
cosmosvalcons1f9d60e6ecr7aurzl75se2zy6rxshfzmssj8us7,0.01,99.99,676432397330.0,99.99,94.99,0
cosmosvalcons1fxalkxap5ag99cezd68purh7kvu33w9jhtryqq,0.04,99.96000000000001,620556854159.0,99.96000000000001,94.96000000000001,1
cosmosvalcons1ftmf66j5xmpsudvyc93ggv772hn430x2kj93pq,16.27,83.73,15630929063.0,83.73,78.73,1
cosmosvalcons1f3f4zwtcujtyx6tdm48dg7dzmcnx9h7sntex8v,0.0,100.0,,100.0,95.0,0
cosmosvalcons1fjfzxravzc3s8kvpcpkayfnr5n78vg4u68zz0s,0.0,100.0,3257212973.0,100.0,95.0,1
cosmosvalcons1f5kgy3dt7ju9sdwt3qhwu9ptzwsq4nd4qp6250,0.27,99.72999999999999,52966250.0,99.72999999999999,94.72999999999999,0
cosmosvalcons1fk40vpthtph6qt8lugk7r4fl7dplp7a0tw6ltf,0.0,100.0,4748644698.0,100.0,95.0,1
cosmosvalcons1fev8nc3wgxl8z2m0e7w4jehn8c3jpvcn84ljqw,0.01,99.99,818604656.0,99.99,94.99,0
cosmosvalcons1f6wt886tr7npwvuhgjjkqzmzsqn9945uym9g3q,19.42,80.58,43886277576.0,80.58,75.58,1
cosmosvalcons1f6cjsfn47ujttypx7gtncglsmjvndugc2zelqx,0.01,99.99,2055358920135.0,99.99,94.99,0
cosmosvalcons1fmtucspcsvljafd28ax5f3vpernuhkrz3d0p9g,0.0,100.0,50498929.0,100.0,95.0,1
cosmosvalcons12ys9vkd8zl0lh9hq2nut6yggwv8p0t4882vg4k,1.15,98.85000000000001,395620049070.0,98.85000000000001,93.85000000000001,1
cosmosvalcons128dj2e3qfm3xvsn74znvkuvcxk43wzlfngfrz8,2.7,97.3,3923660830685.0,97.3,92.3,0
cosmosvalcons12tskgcf5gv4lj5etfzqudmfjus9wtgka8znl6y,0.08,99.92,528054564104.0,99.92,94.92,0
cosmosvalcons12slnuxt862fy3n4rwxt29szjw6xjlmk2cgmrtm,0.02,99.98,1009905.0,99.98,94.98,1
cosmosvalcons12ktgr0zs690n9r8zgj7qy7mrdvtt498p0lfum3,0.0,100.0,5828617269.0,100.0,95.0,0
cosmosvalcons12kemllkwh7sw2ldrytgd5f3vzd4frynvkh5q64,0.0,100.0,7047707229.0,100.0,95.0,1
cosmosvalcons12hfqcslyxmr7rgfxrwykrln3tmnf0g66s4ftw7,0.02,99.98,10500087904.0,99.98,94.98,1
cosmosvalcons126dsn63ajcrutudr3hkcrnkjvnr649xtk4kxd8,0.11,99.89,22398669129.0,99.89,94.89,0
cosmosvalcons12uccfrsey4mst23ge3l042x8prhqzn2j6fffxd,0.01,99.99,13355619.0,99.99,94.99,0
cosmosvalcons12acnhd6zr3l7kwqmsclusl0dt6pf42tpw50hqz,9.76,90.24,661418510501.0,90.24,85.24,1
cosmosvalcons1276g2lvw5h6yf09vaw2v9jw0zgeqjlc52e2flf,0.02,99.98,1183477.0,99.98,94.98,1
cosmosvalcons12llty3s65alvwqpkccmgjzu0gl95ljcdxq7pke,23.31,76.69,,76.69,71.69,1
cosmosvalcons1trff6w7vahhwfdu02czcf46e9nlsj37fcywsf4,0.1,99.9,392741706765.0,99.9,94.9,0
cosmosvalcons1tyh30wuv7d42xkr8vk0ckr57wms3hna6valwtm,0.16,99.83999999999999,393102395306.0,99.83999999999999,94.83999999999999,0
cosmosvalcons1txkxwgrg77h8tmv02vq0cvnpey4epxs2qq3s3d,0.0,100.0,1375334383087.0,100.0,95.0,0
cosmosvalcons1t8p8pdmq6jdzsm3dsurv8877vsvjtdwwkxq2cu,0.67,99.33,399055219453.0,99.33,94.33,0
cosmosvalcons1tfvaep6xl4e8lhw4e06uhwgvdaskenumhk03w6,0.02,99.98,3337770376738.0,99.98,94.98,0
cosmosvalcons1t2e48d6g630jph7wr8tnh2ylymsuxn8huya638,0.0,100.0,56708579946.0,100.0,95.0,1
cosmosvalcons1tv39l3tynf8lrt0fh5yf9lv3d0lluj8suxs83h,0.0,100.0,50544211.0,100.0,95.0,1
cosmosvalcons1tstkqk7whnsn57a93ksmuqt4hq5pa9jxzuulvd,0.05,99.95,173515486719.0,99.95,94.95,1
cosmosvalcons1tn8at2pzkrhy6u5dfq9vns3v8dz4apvyku4x0k,0.0,100.0,12625206.0,100.0,95.0,0
cosmosvalcons1t4gal4phqcqsqg7y2phdvnzkkvuk4s4rxtdtvs,0.01,99.99,121668090803.0,99.99,94.99,0
cosmosvalcons1t46pjekpy7m0vmqfejrde8j2ct3gyc78sgr66f,0.13,99.87,168160621988.0,99.87,94.87,0
cosmosvalcons1tk0ggav5nyzthj9hp3pzx87pq38ypmsjjt9l60,0.0,100.0,516356760.0,100.0,95.0,0
cosmosvalcons1vp9yf9uq7zgtcm9mk82ejd9zpgfyly7pvluafc,0.02,99.98,996081946202.0,99.98,94.98,0
cosmosvalcons1vz42ewp04wwepjed7z4qenj925gpakgvap4q2u,0.19,99.81,819961342116.0,99.81,94.81,0
cosmosvalcons1vrj9ryfsxsgdx2xn6r399a0tc3zkyez2ps6e4t,0.84,99.16,6569386.0,99.16,94.16,0
cosmosvalcons1vr77947tgxcf8rgn7w9tcyx83pn200usmnryd4,0.01,99.99,6920000.0,99.99,94.99,0
cosmosvalcons1v3dkh99aq5jqg3avzxml72psmw7ylqmgxx70tf,0.02,99.98,999910.0,99.98,94.98,1
cosmosvalcons1vnt33u86vws3mcew9rhsqn7nwmw9xd03vvcpxs,0.02,99.98,100045000.0,99.98,94.98,1
cosmosvalcons1v4cedgzm0m880nptj6jw7675t48zl4w9zse9ml,1.0999999999999999,98.9,340904886.0,98.9,93.9,0
cosmosvalcons1vehl4dxx32e70w8fvkhnxg3wph7970es74xmhj,0.02,99.98,2009800.0,99.98,94.98,1
cosmosvalcons1vu2xpycvehymqmzaq40y64gwhrd0y2g77ec8vl,0.11,99.89,890135455487.0,99.89,94.89,0
cosmosvalcons1vu4n4002vv0v5e2f9zkafv2edld45943l5gw6f,0.0,100.0,369234730530.0,100.0,95.0,1
cosmosvalcons1vaydvvhqpefy0s3x9mafdh55d5dwasetslkzq8,0.02,99.98,127114120.0,99.98,94.98,1
cosmosvalcons1v7dcj7zewwlff48alzmxlp9f9xfjayw9qznplh,0.2,99.8,3714607251216.0,99.8,94.8,1
cosmosvalcons1dqt442y52cyvpe42p6ky9pxk9xg5qlptpdvf8y,2.01,97.99,30667520.0,97.99,92.99,1
cosmosvalcons1dre8q72eph9vcwkpcjyj5xsq3u6g7kt0q0pn3n,18.61,81.39,3315094898.0,81.39,76.39,0
cosmosvalcons1dr6mh6kw7y2vwg82njvtlghlmcqu2n730pfk8a,2.16,97.84,484059868002.0,97.84,92.84,0
cosmosvalcons1drmkvw6nrf2m75kquz6v674gcxznhlejtnc9g4,0.15,99.85000000000001,420299413.0,99.85000000000001,94.85000000000001,0
cosmosvalcons1d94te9gcdlt95pc9ps52kqxfxk9rz5psfatv7y,1.29,98.71,457856178439.0,98.71,93.71,1
cosmosvalcons1dfx3ffavnd8hclegmjgydegzn5dlp86p7wgc75,0.0,100.0,228203923548.0,100.0,95.0,1
cosmosvalcons1dfg42n5vpne3vkspce66nz3v8zmwk5fv8yl7z9,0.0,100.0,222728464386.0,100.0,95.0,1
cosmosvalcons1d028q5ppxv4fpwfrjlvdwt9rj5xtsk8t7qzwxh,0.21,99.79,557563906101.0,99.79,94.79,1
cosmosvalcons1d38vz84cj7ukffcxl5p24quh0weluz2jnwk6uk,0.2,99.8,183119212161.0,99.8,94.8,0
cosmosvalcons1d3gvc39578wr927jjuxc4nktyp9vemu9ukxq43,0.0,100.0,174541931889.0,100.0,95.0,0
cosmosvalcons1d3tm8uh4lhqgf7x3dtf70lsp3ggg4pdyerj6yj,0.02,99.98,6196953.0,99.98,94.98,1
cosmosvalcons1dj6867rt9u6scyaxpwmh6wv2eqhfqzv9favv9l,0.06,99.94,803318559955.0,99.94,94.94,1
cosmosvalcons1dnuy2y503nhylek6dspadfurzdy73nedcsdxtg,0.0,100.0,142955115.0,100.0,95.0,0
cosmosvalcons1d58n20z28sar58ytwa89cgu0uak4ju3e564sct,0.02,99.98,36585400.0,99.98,94.98,1
cosmosvalcons1d4cplfv4xf5gmutt472jzym73s2vhvckjadcn2,0.19,99.81,4799065187634.0,99.81,94.81,0
cosmosvalcons1dh73sfcgpt50qd8hx0u39x0t9rplkx9zftknjq,0.02,99.98,3509402.0,99.98,94.98,1
cosmosvalcons1dc3rf7yps9a8mwvh6k2qq5v9j8mf9g2vk82hp9,0.0,100.0,232037281407.0,100.0,95.0,1
cosmosvalcons1d65x8dzt5d5lww0x2k2hwrdtjtyf4ysjdyv245,0.19,99.81,503914328758.0,99.81,94.81,0
cosmosvalcons1duezht6aw02uwun3jsvsrvwcverk6hyspyy3cn,2.45,97.55,105423016608.0,97.55,92.55,1
cosmosvalcons1da05faha0ngkgtlm3vfzzkaws99phcyv2saznk,0.02,99.98,13920.0,99.98,94.98,1
cosmosvalcons1wqlhsr893rkkgpheu4lxuyttn03yg0m9gf5xhf,0.02,99.98,161158023.0,99.98,94.98,0
cosmosvalcons1wpjugmj5gqe2rvcf0dmh8fdddnxkuggaun3q89,0.0,100.0,2564335380.0,100.0,95.0,0
cosmosvalcons1wz8amnsjrndd55p09vp99lh38ld2x8jsmswdm6,0.02,99.98,33417408.0,99.98,94.98,1
cosmosvalcons1wrzmfenhn3v6yn8aj9r9s838qgwz4mpx3dsgl3,0.13999999999999999,99.86,173974738101.0,99.86,94.86,0
cosmosvalcons1w9rjwy2t4lln3hknhcc465q4wcnwq4sa2snfel,0.02,99.98,1120799.0,99.98,94.98,1
cosmosvalcons1wvkwaa2vxaxac6k7e07hq7h06pl7ms2rt2x4d9,0.0,100.0,21960668163.0,100.0,95.0,1
cosmosvalcons1wdx5ghv9gkfua7uw7rzy86fr3ur7waa2dtyegj,0.09,99.91,264624745281.0,99.91,94.91,1
cosmosvalcons1wwxfha30hvalxz2xssw4m58v0j5tsj4jf6ll5v,41.85,58.15,,58.15,53.15,0
cosmosvalcons1wsstw0cs9zdv5x9ve5wtt2653qkqf5k4pkd5ex,0.04,99.96000000000001,235123353522.0,99.96000000000001,94.96000000000001,0
cosmosvalcons1w3w0w9fvy8u49a4amtcpe57cd5mtd7dpqzpg6p,0.0,100.0,171501.0,100.0,95.0,0
cosmosvalcons1w3uqjwlahv848a5fmd6a4zgy9puh08tvsh43pj,0.09,99.91,228834.0,99.91,94.91,0
cosmosvalcons1w59c8npeqan7xcvy6nx5463jzprr83ss5t49rv,0.0,100.0,804720129.0,100.0,95.0,1
cosmosvalcons1w4q9wwln8gd7k0w5gkw972a5lhdf5tz59qhtjj,0.04,99.96000000000001,,99.96000000000001,94.96000000000001,0
cosmosvalcons1wh8hztqt3wa7z70m8s0xgauhzyx9dhygy2404q,0.0,100.0,145761555855.0,100.0,95.0,0
cosmosvalcons1whdtx9h5egfk0afj4dc6szml5edtdype42hm00,1.04,98.96000000000001,1568669307858.0,98.96000000000001,93.96000000000001,1
cosmosvalcons1wctrn02xrx5yd7tl3nhn3a8wyg7z5vs7303c7k,3.6700000000000004,96.33,598443853.0,96.33,91.33,0
cosmosvalcons1we6v0lnevz6gdwss2tdzyh65zx2cp6m5c80595,0.02,99.98,20991705.0,99.98,94.98,1
cosmosvalcons1w652n2q4zf27ne5739yeel5uhphaqgmj699fgz,0.01,99.99,2912839552.0,99.99,94.99,1
cosmosvalcons1wuryw4luc7pglx9nx5jmgkvakr7s3hphsy9a3j,0.06,99.94,280161932.0,99.94,94.94,0
cosmosvalcons10q3r3twa4vs2n9xl9fn9q6n0m9cxewv0rgtrs6,0.0,100.0,121355384414.0,100.0,95.0,1
cosmosvalcons10zstm2nfykapjsmvmu4p3l8rxlyv23fqjjlcy6,0.04,99.96000000000001,413741293372.0,99.96000000000001,94.96000000000001,1
cosmosvalcons10rca02th8lyjyuu7pgmstf72q6l2xzyru7zluq,0.2,99.8,455185717428.0,99.8,94.8,1
cosmosvalcons10g8xvmt5skltmsnhrvr9zvptk2n4kueupjzga7,0.0,100.0,,100.0,95.0,0
cosmosvalcons10fqk678xexhu7y2ef89qjtnphnvahzsc30vjap,0.02,99.98,2157215553.0,99.98,94.98,1
cosmosvalcons10vazaljm8lxlsx0u75nqwv2valj82jak592py8,0.01,99.99,686791076164.0,99.99,94.99,0
cosmosvalcons10v7sra65mluywnksudvgzt75xlsf8zwuzsq8r3,0.1,99.9,788453423728.0,99.9,94.9,0
cosmosvalcons10j4jk9w87q3cvxdxtkyr8m4489p92fj3vdzlue,0.02,99.98,50576278.0,99.98,94.98,1
cosmosvalcons104cjmxkrg8y8lmrp25de02e4zf00zle4mzs685,0.02,99.98,1999800.0,99.98,94.98,1
cosmosvalcons10hp84y4am0mfjmtp6f4spce7wf225qfr3hw2un,0.02,99.98,5159936.0,99.98,94.98,1
cosmosvalcons10e30gm9ua8a3me2yvqrdd5hwlwprfrdqupymyc,0.0,100.0,940462166.0,100.0,95.0,1
cosmosvalcons10e4c5p6qk0sycy9u6u43t7csmlx9fyadr9yxph,0.0,100.0,,100.0,95.0,0
cosmosvalcons10u39ewdv7lf5exfcq7nlnjem9pgnsm0ptf2hw8,0.12,99.88,10001.0,99.88,94.88,0
cosmosvalcons10l96ejcj2c7gsglga0kgcr09srwcclcyg6zcym,0.0,100.0,,100.0,95.0,0
cosmosvalcons1sqghwtkhmheve8xh5jxgcz4zfphf7n5huz7kah,0.0,100.0,9313886665.0,100.0,95.0,1
cosmosvalcons1szyclvg6kqql2d65yxgdq82as422cfhk3x4jzl,0.02,99.98,37835515.0,99.98,94.98,1
cosmosvalcons1szxkkp22pdknla04atc2vh8uvnz587pnwa9sj9,0.1,99.9,152225910423.0,99.9,94.9,1
cosmosvalcons1sxykfd8mxmfgzzwrapfh0zenyvdj030ud35k24,3.05,96.95,226227649802.0,96.95,91.95,1
cosmosvalcons1sxt9l69pt75q0ryjqtejun86wtu9723zyaezq8,0.29,99.71,2074110181752.0,99.71,94.71,1
cosmosvalcons1s23urazh09t3lfevm6ger7avhne4zwd3u06eqm,0.41000000000000003,99.59,1.0,99.59,94.59,1
cosmosvalcons1sv5xglesnj92zjxd54v4z30p8ez4efcynxv67s,0.02,99.98,1009921.0,99.98,94.98,1
cosmosvalcons1sveqdx72n5f9uu4lsljd59evn6pmjr75pjq2fa,0.01,99.99,3243749.0,99.99,94.99,0
cosmosvalcons1swp2ztrunnxv8txqzmjg9en9y3emvh3w2qc4cg,0.02,99.98,8999103.0,99.98,94.98,1
cosmosvalcons1sw344l98xygk78kcl9zgxkfv2dl2ychkzkcrd3,0.02,99.98,3733239.0,99.98,94.98,1
cosmosvalcons1s02utaepdyzr7483efcfteyghte7sj00h6fgtr,0.02,99.98,20665887.0,99.98,94.98,1
cosmosvalcons1s0686a68krmr8f46ph6fklw0v8us4gdsm7nhz3,0.02,99.98,2034111225150.0,99.98,94.98,1
cosmosvalcons1s347fuu7xy3d9gknle29fcjkzpe7j4fc2dk40r,0.21,99.79,470160268928.0,99.79,94.79,1
cosmosvalcons1sjea3y3t5tey5w280mq5j4uer0s6uam9nthe0r,1.17,98.83,614701917272.0,98.83,93.83,1
cosmosvalcons1s570cndhsf6ek2x477fcnehjlqga7hlu7g6h35,0.02,99.98,999800.0,99.98,94.98,1
cosmosvalcons1s4fsuunlj5a2l83vg436x3yncth454wv333xse,0.03,99.97,419983913180.0,99.97,94.97,1
cosmosvalcons1s6gvgluy48l9wkl486f2pjjjeh8qfjfrpwa0df,0.2,99.8,143543314151.0,99.8,94.8,0
cosmosvalcons1saxk42pc8p98ng756p39g8u3halrr0d64grcp3,5.1499999999999995,94.85,124232818.0,94.85,89.85,1
cosmosvalcons1sl9v9jmy6hrves676uf7nt3fh0u2e54ka0mcxr,0.0,100.0,,100.0,95.0,0
cosmosvalcons13zn9q304aegz2cyzdks87uum4846s3cvt3rfll,0.06,99.94,146783056881.0,99.94,94.94,1
cosmosvalcons13tgt47xw60a4p6q24czs8gnah559wet7gszhsx,0.0,100.0,155728674198.0,100.0,95.0,1
cosmosvalcons13tgd82t0fvj24dc7wlfjk3rq4z86hpculkwnt5,0.0,100.0,14988.0,100.0,95.0,0
cosmosvalcons13drenmupm8zr0hf0d3ys6j29dwjgkr7kxd56y9,0.0,100.0,21.0,100.0,95.0,1
cosmosvalcons13s7fqcn6d30zsc896yza90v7j0y575qvxp78sg,0.01,99.99,45739023.0,99.99,94.99,0
cosmosvalcons13jyq92fpz9qkn5jcrn2xu09xs5lk72nltzjkt5,0.0,100.0,141346629604.0,100.0,95.0,1
cosmosvalcons13n5y8czvfzmcvnu9drarn6gw5yl7vkr0y6sy09,0.0,100.0,1072006.0,100.0,95.0,1
cosmosvalcons13kstvzauw32cdp8utu6a2t9qw8usuve5mfg6c4,0.02,99.98,2999700.0,99.98,94.98,1
cosmosvalcons13h3hfdz0hv24fts20tny278mvg2pxsl8f38l5r,0.0,100.0,1000000.0,100.0,95.0,0
cosmosvalcons13c8wx7mmrgpcm529uv83a7ta7dseaapfj2eket,0.21,99.79,1247698216788.0,99.79,94.79,1
cosmosvalcons13m0gh22aertrvdug3vahxjy4x9u4nv6dzzmwd5,0.22,99.78,674953.0,99.78,94.78,1
cosmosvalcons13utglz4zhpwr9r08vtapx3w9s9fmvud8xprdne,0.0,100.0,2000562155416.0,100.0,95.0,0
cosmosvalcons13aq2g6rnz438r390zlrvpajffazkas8psmvj99,0.01,99.99,224751463084.0,99.99,94.99,1
cosmosvalcons1373rsraxfvfzgfeq99cv7y4afxgmf3kjr2jq6k,0.0,100.0,16087736.0,100.0,95.0,1
cosmosvalcons13l3ul7n2q7cf8ezphwzd5xmd406n473d8t9apq,0.06999999999999999,99.92999999999999,47927501026.0,99.92999999999999,94.92999999999999,1
cosmosvalcons1jp4sw2hd5pfmr9jrg4hx8hkjxdjq6tv3qfq2wj,0.91,99.09,61979500017.0,99.09,94.09,0
cosmosvalcons1jz54zpamvjcc6uzhy7jpku2asu3k29wskenap2,0.0,100.0,20000.0,100.0,95.0,0
cosmosvalcons1j8yz8f6ymeg0j8qh534kynkl3ac4pf7a4xhrhr,0.05,99.95,913527347046.0,99.95,94.95,1
cosmosvalcons1j3v4haj920nqs789cegvewq57qpnacm57j4gqh,0.0,100.0,,100.0,95.0,0
cosmosvalcons1jj9mfqeft03jpccn7vhu4t2jv4hy565mp08pq9,0.02,99.98,10014501.0,99.98,94.98,1
cosmosvalcons1j4dy0j9vscegyhw5wh5sjy75p2cf60a53qkgch,0.0,100.0,22165803937.0,100.0,95.0,1
cosmosvalcons1jhsxp5rhzvrsl6vz9ak9p0tkhn9lnut6ehz9ej,1.22,98.78,1791087005342.0,98.78,93.78,1
cosmosvalcons1jep8l8h4zrqwz44qr68wl6vrrygcnrp96lylcv,22.67,77.33,,77.33,72.33,0
cosmosvalcons1jm6s0mqqwykp5n4p2mndafq3azgxyc2kf3sdn8,0.02,99.98,909915.0,99.98,94.98,1
cosmosvalcons1jufcrrd9gze26sxd82ppse03eg5g5xa2gplt6p,0.02,99.98,803512344896.0,99.98,94.98,0
cosmosvalcons1jaz4ufg75lu3hzqrxkt8fheyn00nkd0ntrnee6,0.0,100.0,,100.0,95.0,0
cosmosvalcons1j7936y5vdvh6c55v07tt05hdmhuz5xu77qyga2,0.02,99.98,4022894051680.0,99.98,94.98,1
cosmosvalcons1j7uerzja8ved5dqqxgz76ndr5g34ecx2dtfhd6,0.02,99.98,3199700.0,99.98,94.98,1
cosmosvalcons1nru4ehwwkrrf2pkkp845w3ddjlyls290mvj08y,0.02,99.98,2509802.0,99.98,94.98,1
cosmosvalcons1nydhgtxgvc95qvslw7rnv3xpj5v46stcadxez4,0.0,100.0,26012066.0,100.0,95.0,0
cosmosvalcons1nycy42dwasflemc07uklez2nyul72kduyxht24,0.02,99.98,43449753957.0,99.98,94.98,1
cosmosvalcons1nfdjvtyrppgerw4pk3f7c9hy04e4guhd3u6p85,0.0,100.0,169577814.0,100.0,95.0,0
cosmosvalcons1ntg25x9f9gdyxazzdmvmsxfdr4kr6f53nhwys4,0.0,100.0,615397233934.0,100.0,95.0,0
cosmosvalcons1nwstsw6cnc64xx9en3tan2hppv3wk7am86yxj8,0.02,99.98,1009935.0,99.98,94.98,1
cosmosvalcons1ns2u9ech60wedtcfynfrgsz6ax9390nlfywkk4,0.04,99.96000000000001,196882922872.0,99.96000000000001,94.96000000000001,0
cosmosvalcons1nstujnmnzwa56msxg2rmam096wygazz4y6as4g,0.36,99.64,264634936295.0,99.64,94.64,1
cosmosvalcons1nnecnhxz9uq8pfjpuah5sdtxkgacxj6fajk8kn,0.16,99.83999999999999,133608847364.0,99.83999999999999,94.83999999999999,0
cosmosvalcons1nnu2u874qluh5p2z2pvzlljjjgkg6dc9mwtxn3,0.0,100.0,10821662006019.0,100.0,95.0,1
cosmosvalcons1n5rmxqwj8328yek4t5dkckncefrn8qap29nhqw,0.0,100.0,479429089.0,100.0,95.0,1
cosmosvalcons1nhzqzgyehe6rrzg8fwz7fxy34canlm5m6dm4wg,0.0,100.0,159347821612.0,100.0,95.0,0
cosmosvalcons1nhhtefq2d6dh36t7gspx6k6zctcy9c8vf9rycx,0.05,99.95,3293500.0,99.95,94.95,0
cosmosvalcons1nhuwxwxgt6rehjztp24z3gytgvdatd2g7kndfm,0.21,99.79,218348823009.0,99.79,94.79,0
cosmosvalcons1nczylhnj6eg2rntf00r3h56lg9mq8pqqmrk869,0.02,99.98,29975012.0,99.98,94.98,1
cosmosvalcons1nc2r2t949y7xqu7kz2q2r9cgt3n53kh6aluuac,0.02,99.98,201419478.0,99.98,94.98,1
cosmosvalcons1nm55mwux7u3nwxft72gmpem8l5njnuq274qrz6,0.0,100.0,25827206297.0,100.0,95.0,1
cosmosvalcons1nlaveeu4jndxcshnlz9r07935qsaug769qjkst,0.06,99.94,112892992.0,99.94,94.94,0
cosmosvalcons15q7uz2xn3kctchcc4cv89uwt9c0agy2h524xk9,0.0,100.0,2490313588.0,100.0,95.0,0
cosmosvalcons152p8kw0kvu6wwpqw8f7uhf49ycf6ztnmkeffzu,0.02,99.98,999900.0,99.98,94.98,1
cosmosvalcons150ruqntzp64rxam47qpm35yczkqkwce3yn6uzv,0.8099999999999999,99.19,2908107437.0,99.19,94.19,1
cosmosvalcons153c3tsyls3h5daye7wqmxk69yujjqjv85ty9x3,0.01,99.99,103453995866.0,99.99,94.99,1
cosmosvalcons15nca2560875stfx6vphg5yyrf9m9z8lheucgef,16.09,83.91,297759894132.0,83.91,78.91,1
cosmosvalcons15kw0xv4f9sff8q3wn8kc0xtcqhk9mehmgd9uyj,0.01,99.99,,99.99,94.99,0
cosmosvalcons156f4mpmmjamvgkuka6h9y62e5wu6t2c6ld3frz,0.06999999999999999,99.92999999999999,278574036676.0,99.92999999999999,94.92999999999999,1
cosmosvalcons15lv7dkuv5hjx5cdvxc346nypshmm7ydyhzamnv,0.36,99.64,164531927132.0,99.64,94.64,1
cosmosvalcons14g64mm93hjmtdvjwmpajfyvv7vllry2f9s0t07,0.08,99.92,181983823029.0,99.92,94.92,0
cosmosvalcons14dam4pk8p9w4hv40jdee3f8ed9z6u9wrgx652q,0.06999999999999999,99.92999999999999,397866014173.0,99.92999999999999,94.92999999999999,1
cosmosvalcons14whgq7ke76095z2vzmnm7r9leulx9rttuyurp0,0.02,99.98,999900.0,99.98,94.98,1
cosmosvalcons1406kkp5gz4e06r5v70wlc2wc0yx0sm0q6cwg6e,0.09,99.91,178085012366.0,99.91,94.91,0
cosmosvalcons14sk4vptumprktehmuvvf0yynarjy4gv08t64t4,0.01,99.99,4606694915274.0,99.99,94.99,0
cosmosvalcons14jy970hgreldqll8ktsxw3p6s40ej7apnt0rh7,0.02,99.98,2844001.0,99.98,94.98,1
cosmosvalcons145uc87weflqgh4t0w0luuk59046rwpma6p69sj,0.16,99.83999999999999,359990367981.0,99.83999999999999,94.83999999999999,0
cosmosvalcons14c3x44wuv23y44t9gakekhktxv5ufp9fjrkq5m,0.0,100.0,,100.0,95.0,0
cosmosvalcons14ezk4pd9cm2xlg6sc0kzmjcq6esnt83q8k8rp6,0.0,100.0,179632492571.0,100.0,95.0,0
cosmosvalcons14l38gadp4uq7fvtuwzwulx0ndxe4my5jfzd9ve,0.05,99.95,115689923551.0,99.95,94.95,1
cosmosvalcons14l454efxpene4skhvh8meqx5rv6jm30g0mwrlj,0.0,100.0,10000.0,100.0,95.0,0
cosmosvalcons1kq9xxgmn0uepav9c6kwxl4yh599kpyu28e7ee6,0.0,100.0,263406230088.0,100.0,95.0,1
cosmosvalcons1kq24y5kh8dlwkaxj4rxgzsuhue5hp2petveuva,0.83,99.17,183109680915.0,99.17,94.17,1
cosmosvalcons1kqt3tjnu69z7nq003rtx2prwx6fcy6pl6r7lj9,0.0,100.0,6732931.0,100.0,95.0,0
cosmosvalcons1kpm95tm0esga3tzxya06cpkaxh65y97pmqgmng,0.8500000000000001,99.15,574256548220.0,99.15,94.15,0
cosmosvalcons1krznwrk5veqc0zqq55vwhqe4us4wsann2l58kd,0.0,100.0,100347732.0,100.0,95.0,0
cosmosvalcons1kyt86pphmwwlp4fnac4vmeypqufehhfw8zucrv,0.0,100.0,97618413903.0,100.0,95.0,0
cosmosvalcons1kgekmjr2wjn0s4fd0a5x4syc8m6wpvxwp9kvln,0.18,99.82,201021378860.0,99.82,94.82,0
cosmosvalcons1kgmt9g366ut2nkxc26svhfmz7v34zhzl73rgp2,0.06999999999999999,99.92999999999999,386318230136.0,99.92999999999999,94.92999999999999,1
cosmosvalcons1k2lk3t2va4h73ac64jkszqp5xm47qu5ll0s5aq,1.15,98.85000000000001,540113919917.0,98.85000000000001,93.85000000000001,1
cosmosvalcons1kv2cr60l2ugy25cnwr3dfz2694h7mm8muyensh,0.09,99.91,828394978882.0,99.91,94.91,0
cosmosvalcons1kdzerkne4tgzzdf5ut53tagduhxmmujs4xx79v,0.02,99.98,20243788.0,99.98,94.98,1
cosmosvalcons1kwvu4kaarawlh9t762gdypx9k8pn08jwej804k,0.12,99.88,135825139383.0,99.88,94.88,0
cosmosvalcons1k3q6dh8eqxfwjwdx2ct7a6kns07eytzl5qnxm6,0.21,99.79,197114401814.0,99.79,94.79,0
cosmosvalcons1k3pqx4yg67gp6awclxh07p8kfhmmu9swja85ws,0.0,100.0,904086243900.0,100.0,95.0,0
cosmosvalcons1k3vtym30kjnn9qrudqvx3yg6z2jgmrqr83qhy9,0.02,99.98,999902.0,99.98,94.98,1
cosmosvalcons1kjvee4f4unxn9dvsh668qg98yn6qke09p5ngx5,0.0,100.0,3580310694.0,100.0,95.0,1
cosmosvalcons1kj56rgn5y2u8tdka3e4pa5easrus8mgmy7canj,0.02,99.98,999903.0,99.98,94.98,1
cosmosvalcons1knxq8u4v5gky8hs76wz6zp96s6m5vfujw95wla,0.12,99.88,253325454351.0,99.88,94.88,1
cosmosvalcons1knssshcun6asa2v5g5ktrwqjfw5fhmg686lfzr,0.41000000000000003,99.59,465105140824.0,99.59,94.59,0
cosmosvalcons1k4p60h6g0q9wlm6e8gqre5rqkkfufe44q2mfsa,0.01,99.99,172013465061.0,99.99,94.99,0
cosmosvalcons1kkejqy0vqu2du2492rsgt29jqqm2zr5r2hlv3z,0.22,99.78,292374166174.0,99.78,94.78,0
cosmosvalcons1kcd2gxvsn9tr2j39ufkaaygrknq6f4w2nv6xm5,0.02,99.98,1499558.0,99.98,94.98,1
cosmosvalcons1kmzapm47r2akvqu6jzuqsgxpp2wte22uamp7wy,0.02,99.98,99990004.0,99.98,94.98,1
cosmosvalcons1kmtnvrp878wrdhvmlnerqda73vzy9ysfhmm90x,0.02,99.98,1724712937.0,99.98,94.98,1
cosmosvalcons1kujvm2nf53aepvvdp6nl6kcyd4fhmfj29ghyzm,0.04,99.96000000000001,257578111.0,99.96000000000001,94.96000000000001,1
cosmosvalcons1hzc9nr0s0a4zcjtdltxl3ejtskq380wmqqtr8w,0.0,100.0,,100.0,95.0,0
cosmosvalcons1hrvuwye2g2eys46yx6kzqvq96cdn7k49c7dqd7,0.01,99.99,235651933780.0,99.99,94.99,1
cosmosvalcons1h9pkkpkjms5d99kfu776v5z958d3r68aqqrjkx,0.02,99.98,1049904.0,99.98,94.98,1
cosmosvalcons1hxjcjnwuezfjvd2maswp92zqdjad8adrdwh4s6,0.13,99.87,437950478.0,99.87,94.87,0
cosmosvalcons1h8kwr4a5mkqws6px86364unjh8rlz2fd7gr73q,0.0,100.0,2409924437596.0,100.0,95.0,1
cosmosvalcons1htpn7dq0xjth28cjfp50qj0v96ynptp0s0hclt,0.01,99.99,105616890979.0,99.99,94.99,1
cosmosvalcons1hd9ja0s2ft7cqm5payftnswawh5cmqvncj44fe,0.02,99.98,139986000.0,99.98,94.98,1
cosmosvalcons1hd9lklns2makrf2wka2y9fkhayahyf4m0kf7z3,0.0,100.0,263957982.0,100.0,95.0,0
cosmosvalcons1hdwafrnxyx3pq0alktaf5h0gv83725edy3e6ak,0.09,99.91,425820840101.0,99.91,94.91,0
cosmosvalcons1hdmtccezcafn5lxd8tcupzw8kwt3lvqjqdtkfy,1.02,98.98,707388658479.0,98.98,93.98,1
cosmosvalcons1h0j4akdjustw9vmuzwa7a8xku7hrz3ck4nxh09,0.0,100.0,267358217900.0,100.0,95.0,0
cosmosvalcons1hs92z8ndlt3y9k09f2pma0dn5y3vtcyc0pw69p,0.27,99.72999999999999,179689622830.0,99.72999999999999,94.72999999999999,1
cosmosvalcons1h3ay33d02vduusd6uhzrqnf8fjk72up7h82dn4,0.02,99.98,109991.0,99.98,94.98,1
cosmosvalcons1hjpmcfz7s7p8f738vpcgree9dv5vkmep3guy6r,0.02,99.98,1999800.0,99.98,94.98,1
cosmosvalcons1hnmyrqn0kyw3r56u0x5d6a8rq3cpww4cws7jzm,0.0,100.0,60102.0,100.0,95.0,0
cosmosvalcons1hkcyvfv7klahfg5qzh33uexwa8cgqgvekug2dy,0.04,99.96000000000001,1133967971023.0,99.96000000000001,94.96000000000001,0
cosmosvalcons1hc7gfnnedgqfxdpeu0fjzl2f6e7w7ea0vjxyzm,0.0,100.0,9455468.0,100.0,95.0,0
cosmosvalcons1haxtf4var829rn6700zfxjwlf23z94utgygkd7,0.0,100.0,43994997943.0,100.0,95.0,0
cosmosvalcons1hlhkut23m374uqwjrl95shtv8h59kvmsvexmff,0.1,99.9,725164689.0,99.9,94.9,0
cosmosvalcons1hllsknxwjfaglmmpar38mncnnjrt7vt8s7sjzz,0.02,99.98,,99.98,94.98,1
cosmosvalcons1cpd299h2lkksgmmjkyzr3mzn75dsm3g2asvfgn,0.0,100.0,730491183431.0,100.0,95.0,0
cosmosvalcons1cg6kvg45j4e9jcd4kgq68qka2lxnxp0vddkz6t,0.04,99.96000000000001,367903538533.0,99.96000000000001,94.96000000000001,1
cosmosvalcons1ctwajuqv7h0vq3tacs3c9xe3a28af7w5cpvj7z,0.01,99.99,227250746229.0,99.99,94.99,0
cosmosvalcons1cjgry2deat2pt3u737nf62a6vytkzlzpglpxkc,0.0,100.0,4018064976.0,100.0,95.0,1
cosmosvalcons1cnmzzr9hwtqtxllc2gz50mpxhm7mzxfme53nnx,0.06,99.94,317550261354.0,99.94,94.94,0
cosmosvalcons1c5snskvlrvgg3aqr88afvt06wuprd6m6uvdz7q,0.02,99.98,999851.0,99.98,94.98,1
cosmosvalcons1c54vmveq2l6uwvdmm4yyvzuncdgqm5eylrg0af,0.1699999999999999,99.83,282550043197.0,99.83,94.83,0
cosmosvalcons1c5e86exd7jsyhcfqdejltdsagjfrvv8xv22368,0.0,100.0,911616967134.0,100.0,95.0,1
cosmosvalcons1chcxhwwflgdfts5mm2xrp4wuwgg27gtxrepsxr,1.21,98.79,2909369943.0,98.79,93.79,1
cosmosvalcons1c6h3aw8fjyzprulrasaq024jfxq95j24hh4g84,0.02,99.98,,99.98,94.98,1
cosmosvalcons1cmq4v8m86aa63pn0ctqvmmrqqj4x444pyk7244,0.02,99.98,7177631.0,99.98,94.98,1
cosmosvalcons1cmvdd4xa9fqa95d48xppjegelgc5ul957wj2zt,14.16,85.84,,85.84,80.84,0
cosmosvalcons1cl92j56u5cj6kpz8cvrewhgj2gupqu269egr5a,0.05,99.95,511120176003.0,99.95,94.95,0
cosmosvalcons1clmysm7g5d5t8hm6q696g4lw6hzexhpl779kwh,0.02,99.98,999900.0,99.98,94.98,1
cosmosvalcons1efnfda07v6jgp0epgcp3n05hnycg2twspd2nej,0.0,100.0,289900.0,100.0,95.0,0
cosmosvalcons1evelsgtuq72jajsc757pl6hez053gvfhu2mjty,0.0,100.0,374102449114.0,100.0,95.0,1
cosmosvalcons1eszcs2tcl30a66nhy958u9xq9xdwqp9c65dnm6,0.0,100.0,402832004842.0,100.0,95.0,1
cosmosvalcons1e3wwysvd4pw834lcnlk24vydmn33fsxvwnffjp,0.38,99.62,29947799759.0,99.62,94.62,0
cosmosvalcons1ejrl266cvgvprc4453ln33skdc54ecmwjdyr4d,0.09,99.91,2901207592693.0,99.91,94.91,0
cosmosvalcons1ekmua5s54mkhahv3etzlduqxhc8twarzj2aqgr,0.02,99.98,8000062.0,99.98,94.98,1
cosmosvalcons1eemgqv7hylr29zvq4mmnwtgjgvnusy9g4nlklf,0.0,100.0,47327948791.0,100.0,95.0,1
cosmosvalcons1ee74zlp5nwve3j7wdhasxcvmv4zh7q9rdtr73w,0.0,100.0,29906539.0,100.0,95.0,1
cosmosvalcons1e6udks5xqcdnygyax032man4dtxa0cq9kp5xkv,0.02,99.98,59342063.0,99.98,94.98,1
cosmosvalcons16zkvwgzdwy70l8a5f8ed2tq9ghw8cylftd5wlr,0.15,99.85000000000001,379541126405.0,99.85000000000001,94.85000000000001,0
cosmosvalcons16zea2upy3x5l0hsex0h2rnz7hg33n53sfr0g20,0.02,99.98,2019801.0,99.98,94.98,1
cosmosvalcons16y5szs5eg203nhsh56l0teem8thv5e3wpxzh9v,0.02,99.98,8100221.0,99.98,94.98,1
cosmosvalcons16999gt582mp6jskelky88hpwnfme3gtlaaat0s,0.0,100.0,437538303465.0,100.0,95.0,0
cosmosvalcons1683pm2963unfcg6cryv0d7ztjyh9qc44pt6w84,0.02,99.98,21317709.0,99.98,94.98,1
cosmosvalcons16f56s8rhg8693scakla3f3vpwepplvhc6uc0qs,1.6099999999999999,98.39,612378468472.0,98.39,93.39,1
cosmosvalcons16t2937fqnm9ceg42k8veupnprwqj4puhwm6yyv,0.05,99.95,10450989163651.0,99.95,94.95,1
cosmosvalcons16tnak7apushwznnd3wtku8gm0rt3xytz6ut006,0.03,99.97,1964501.0,99.97,94.97,1
cosmosvalcons16de7lp72py6a02smltu8wqej4pd5kqjjfara0l,1.66,98.34,117709095906.0,98.34,93.34,1
cosmosvalcons16w7zdvdfmmyd26c28w8v6gc3pmzv63d823y70l,0.0,100.0,115178514.0,100.0,95.0,0
cosmosvalcons160dhr9e39ntq5u0zjxnx6sctyrge0n6pnpj5uy,0.02,99.98,73857.0,99.98,94.98,1
cosmosvalcons160afge0dj6ms096h94xcxeutcf5e2cxp8eu4gp,0.02,99.98,1010475.0,99.98,94.98,1
cosmosvalcons16nqlu66cq0wgzjrtkwrs5d0fzyclzsvkp5fzja,0.13999999999999999,99.86,154809969213.0,99.86,94.86,1
cosmosvalcons16nrr9ygnfgj6kls27s7qsqung8tnxuemxj6knc,0.0,100.0,,100.0,95.0,0
cosmosvalcons164q2kq3q3psj436t9p7swmdlh39rw73wpy6qx6,0.21,99.79,1339421314100.0,99.79,94.79,1
cosmosvalcons16hkujdp3fjymgk2jvg8fexftrhysrpzzzmrweg,1.1199999999999999,98.88,268751146319.0,98.88,93.88,1
cosmosvalcons16ewmqng3alzrt6ak62tgtr9da075gnpcchp0tp,0.02,99.98,315048523.0,99.98,94.98,0
cosmosvalcons16emwtzn5dqdlfx04tdvg35aajch347yue4e05y,0.02,99.98,22178571.0,99.98,94.98,1
cosmosvalcons1668wcrfwsfy0rmryek6ctmdkrm9yx27c7grulf,0.06,99.94,25287045401033.0,99.94,94.94,0
cosmosvalcons16lmu09y8cy99eudtavwmmq0g6jt403pz97zaxp,0.0,100.0,71979972937.0,100.0,95.0,0
cosmosvalcons1mqppd3f82cl3enskdsx7efajx3pt9l345efuh6,0.02,99.98,45006501.0,99.98,94.98,1
cosmosvalcons1mrctah5360lymkp8vx2fn6a9emx8dl3p030s8e,0.02,99.98,1509859.0,99.98,94.98,1
cosmosvalcons1m8u2gxmc92n2v6kus8u48y3u0h88kcqp69cr3a,0.16,99.83999999999999,1901663486220.0,99.83999999999999,94.83999999999999,0
cosmosvalcons1mf42422ee8hc3gltx7clzp7tyen7hw4t3vnmw0,0.02,99.98,4821227128742.0,99.98,94.98,0
cosmosvalcons1mfmv53dam2zcxxc4jynpj7vlm7mjxkmkyr4tea,0.0,100.0,10000.0,100.0,95.0,0
cosmosvalcons1mvyngdapgnaxh3fx25zp4el2hpuglall87m4fx,0.08,99.92,,99.92,94.92,0
cosmosvalcons1m06z2yhft44rns6etpke8vc4yvlysq4hs8n7um,0.08,99.92,14942648.0,99.92,94.92,0
cosmosvalcons1m3x73kzmyd4k2jnfvhw43my8rnwvq7n42ch993,24.13,75.87,1020811.0,75.87,70.87,1
cosmosvalcons1m6sskxgpngfmzlg6h89wzuepekhrkpy8zf33lz,0.0,100.0,9721032450.0,100.0,95.0,1
cosmosvalcons1m6j8xpml3jl5cz685cayejkj2nmt46wjqjp0su,0.4,99.6,1020004.0,99.6,94.6,0
cosmosvalcons1mulc0daf2tha35hklq6zguu0lr6swes7ps06cf,0.02,99.98,1100900.0,99.98,94.98,1
cosmosvalcons1ma0c02mqjstxm6uw97nldw4g8m8gn2da97pws2,26.47,73.53,,73.53,68.53,0
cosmosvalcons1mamecac2jegwfuqwqdtjh6a2vm7wnsg4ylg0r5,0.0,100.0,133933397581.0,100.0,95.0,0
cosmosvalcons1m7fg8k39k2tyym5hgwrpf5wx9hqsr8vywuyrtm,0.0,100.0,1184699621976.0,100.0,95.0,0
cosmosvalcons1upc05nc9pwhhagnkr3f2dft327qxsxfeyvajsu,0.01,99.99,2188260148084.0,99.99,94.99,0
cosmosvalcons1uzsjv5jee6w83amtyyvksp83k22xmvn27n8g38,4.8500000000000005,95.15,2995793003.0,95.15,90.15,0
cosmosvalcons1uv2n8wp2cea2z7ytwz7haxzma78py54p5akk8j,0.0,100.0,380557904419.0,100.0,95.0,0
cosmosvalcons1udthn8ykrjch9z6sz9ugnjsmucrwxzsjdwflh2,0.0,100.0,10000.0,100.0,95.0,0
cosmosvalcons1unv52ve2rxzhlps6f3n0gar5anmpq8a7gppr7g,0.0,100.0,14344.0,100.0,95.0,0
cosmosvalcons1u5rl7nd2g5j9x5hthng57wpzrp8dkanxkzyxzx,0.0,100.0,3323008211.0,100.0,95.0,0
cosmosvalcons1uh9qzjzflvllwv8z7a795vdyvuvr4eatsmzgg6,0.06999999999999999,99.92999999999999,2609458724.0,99.92999999999999,94.92999999999999,0
cosmosvalcons1u63cqxfxh30cxasuft0csf3l3qv4lh2mm4c3rk,0.0,100.0,10004.0,100.0,95.0,1
cosmosvalcons1uuh6seum8pxjnsth8yuh3j5v50px6lglaafeq4,3.94,96.06,,96.06,91.06,0
cosmosvalcons1aqq8grrgeqdnqdzu8t3t5cu054hlvlh062nhqx,0.15,99.85000000000001,342186800087.0,99.85000000000001,94.85000000000001,0
cosmosvalcons1aq0hzzv9mejakjrx38c67s9gekpjymdkssvdk9,0.02,99.98,8399567.0,99.98,94.98,1
cosmosvalcons1aqalcsmd9n5dej0vqkym9edhxh3hlwzujn0tn7,0.0,100.0,302900145.0,100.0,95.0,1
cosmosvalcons1afz4qgt6kas24lskee3vm7qned6re2a62p4pqp,0.09,99.91,118801271298.0,99.91,94.91,0
cosmosvalcons1afszwt65n8x7gcx0dgu653wxqc82296zq2yeal,0.02,99.98,1009900.0,99.98,94.98,1
cosmosvalcons1avwlyfg8k7wwwq8cd3xgky7hmuqalk5ud6acax,0.0,100.0,23451023957.0,100.0,95.0,1
cosmosvalcons1av3nf6w75qhcqzvvu3lry94d3mgs587d23sj5f,0.0,100.0,1899811.0,100.0,95.0,1
cosmosvalcons1awpa0lh8v6ldda9rgedjcwx3njyscgjws8545z,0.03,99.97,3052311.0,99.97,94.97,0
cosmosvalcons1awlfmjr5nvc6x438nd7hmx6my2yqmyxnakf9uy,0.02,99.98,999900.0,99.98,94.98,1
cosmosvalcons1a0kkjnnvuy3ylv0g5twcae368ptgk83tyalw6t,0.11,99.89,160623626786.0,99.89,94.89,1
cosmosvalcons1asz9cu9kygt5v6ahavytl605pr8mzhvspndymk,0.0,100.0,3.0,100.0,95.0,1
cosmosvalcons1a5y5d3c24krcv0w4g8yc9w85vs04j0xmt0j05p,3.42,96.58,10100288.0,96.58,91.58,0
cosmosvalcons1a4gfu7qf0cfsd2glah5wskm46p4amahrjvtw2p,0.02,99.98,457043318006.0,99.98,94.98,0
cosmosvalcons1ahtwxcvx3dvppzx3q43yr5hegx59fh7htm4r4u,94.97,5.029999999999999,1548718.0,5.029999999999999,0.02999999999999936,1
cosmosvalcons1acpxknv87l29uhppefe6rxx285cc3zuyhupu6a,0.02,99.98,10004.0,99.98,94.98,1
cosmosvalcons1aerz0wetya2dr2gfep5rzvcj8jp85heaju9wyg,0.02,99.98,1019900.0,99.98,94.98,1
cosmosvalcons1aee6r9636kx9aszycy0rldawdpdpp5kpdm0yux,9.86,90.14,147459492132.0,90.14,85.14,1
cosmosvalcons17r7jkmvazl7tlgjaky5q6jgdxepjgawj8xgqfs,0.02,99.98,4009600.0,99.98,94.98,1
cosmosvalcons17964k9xs7dv8guv9jd0cyr7qd0nq9dgl65ufj9,43.5,56.49999999999999,,56.49999999999999,51.49999999999999,0
cosmosvalcons178uaw6g4t55mhs5efnmrrsdpsgen39rl3s97vc,69.27,30.73,1039200.0,30.73,25.73,0
cosmosvalcons17f5247ynz8rw472hka7a5qemsj2dz78dm4nvyq,0.02,99.98,999900.0,99.98,94.98,1
cosmosvalcons1724wu4exhl320du57rwyznekgjs4n37ffk7m4k,0.02,99.98,505883403275.0,99.98,94.98,1
cosmosvalcons17tx4g9sa36zk03q2e3svqnjwervpgnfudngaqm,0.02,99.98,1099900.0,99.98,94.98,1
cosmosvalcons17n9tgyx724nakgpm64kxjnah34yzg7dp63zp5e,0.02,99.98,152390561.0,99.98,94.98,1
cosmosvalcons174t3gfpaxtaktdketg5aqdgw5r9th282zhjnqk,0.02,99.98,4861780137.0,99.98,94.98,1
cosmosvalcons17ktnf2yk5a5fgd4uxs3zgn7cv2hp38zuw8j35e,1.23,98.77,4665828056459.0,98.77,93.77,1
cosmosvalcons17m9qk9xe345ar74pkx0z2rgrhmmam92pfsllsf,0.02,99.98,6988081.0,99.98,94.98,1
cosmosvalcons17m7kxedvc5uzk6kk2ekd99ceqjm47l3y355lug,0.05,99.95,834311991430.0,99.95,94.95,1
cosmosvalcons17lnejmvgy86cdmauz5gp688qctpxuw07sw8z5q,0.02,99.98,395696925.0,99.98,94.98,1
cosmosvalcons1lqqg8vvrcsqejfw89d05stezg6kz6su5a0ys2f,1.24,98.76,54784639.0,98.76,93.76,0
cosmosvalcons1lrqpcp5p2792wqxhxmt8tjveypjlvh378gkddu,0.26,99.74,6649807103.0,99.74,94.74,0
cosmosvalcons1lrjsx2uc6hfjgshrykmfwz6rfa6juyf7gszn2c,0.06,99.94,477301030355.0,99.94,94.94,1
cosmosvalcons1lyveqfcfkayz7qwqxr5t27le8wxcwppmjn39zm,0.02,99.98,22225770978.0,99.98,94.98,1
cosmosvalcons1l9zfdya7fq55anllgl66lv7rrswl4vcnmz5h74,0.0,100.0,3161306890.0,100.0,95.0,1
cosmosvalcons1lxqz3934hapkqf7m8fdwq6stnemh3qvuljn49z,0.05,99.95,90681445.0,99.95,94.95,0
cosmosvalcons1lx84lwycd5jm0dhad986xvvs447nsrwm28u8rq,0.02,99.98,11.0,99.98,94.98,1
cosmosvalcons1l8evmgmgjwhzkece7rxqat4tpkxztw2v5x0ntq,0.02,99.98,9989100.0,99.98,94.98,1
cosmosvalcons1lg89m7kvmnm5j4a8gg2yle2mucw5xvmhtyqp6f,0.0,100.0,868087255.0,100.0,95.0,1
cosmosvalcons1lth4cv5tkn2fc5yuy4xx6rj7wvzrpxkkqg3my5,0.2,99.8,215239672754.0,99.8,94.8,0
cosmosvalcons1ld8myknpkjf6t0uw8n2tt684kszd4r3rwy98d2,0.21,99.79,6911430874974.0,99.79,94.79,0
cosmosvalcons1ldkjp8wlaj2f2vlv65mq4rc97rd4s9v7hhyt37,0.06999999999999999,99.92999999999999,118422703530.0,99.92999999999999,94.92999999999999,0
cosmosvalcons1lntpwz5l3lc8gqzy8anvp8alxlkprdawv9dlhv,8.959999999999999,91.03999999999999,1006080122.0,91.03999999999999,86.03999999999999,0
cosmosvalcons1l5sl280pl005sgfwlvymqapqxnhzsaxmc87wt8,0.02,99.98,3009700.0,99.98,94.98,1
cosmosvalcons1l4w4fcxeu3mgl6jvphlaez06j6mx2lej9yhszt,4.14,95.86,172294938712.0,95.86,90.86,1
cosmosvalcons1lh6kn9z5lyazsc2m5anhc4h9vtul7686uzcqxs,0.09,99.91,82349652.0,99.91,94.91,0
cosmosvalcons1lu92p9qzj9gppuv3k0l5g5y75evuw39hpzugtw,0.02,99.98,999900.0,99.98,94.98,1
cosmosvalcons1l7pavqz4gkswt8qve3y7cqz59h54frlgytgq6y,0.0,100.0,,100.0,95.0,0
